Name,rank,feature_1,feature_2,feature_3,feature_4,feature_5,feature_6,feature_7,feature_8,feature_9,feature_10
University of Wisconsin-Madison ,102,0.00010206592560280114,0.00010206590741290711,0.00010228640894638374,0.29530981183052063,0.5914869010448456,0.00010206592560280114,0.11175953596830368,0.00010206587467109784,0.00010206591468886472,0.00010206591832684353
The Pontifical Catholic University of Chile,103,0.40217481314721226,1.107932030208758e-05,0.001344836834960006,1.1079319392592879e-05,0.0035881010653611156,1.1079319392592879e-05,1.1079320756834932e-05,1.1079315299866721e-05,0.03367911549003111,1.1079320756834932e-05
The University of Sheffield,104,7.804065535310656e-05,7.804064807714894e-05,0.6303850412368774,0.0007181323489930946,0.03726739633202669,7.804060805938207e-05,0.03187777671337244,7.804063716321252e-05,7.804065899108537e-05,7.804065899108537e-05
Uppsala University,105,4.2300614950363524e-05,0.9788703322410583,0.018525498502640403,4.2300614950363524e-05,4.230061858834233e-05,4.230060767440591e-05,4.230061858834233e-05,4.230061313137412e-05,4.230061858834233e-05,0.0013186142823542468
University of Copenhagen,107,0.00014702879707328975,0.5842523574829102,0.3669115751981735,0.00014702878252137452,0.00014702878252137452,0.00014702876069350168,0.00014702873158967122,0.00014702875341754407,0.00014702873158967122,0.00014702873886562884
University of California Davis,118,0.12387209571897984,0.0030245216285038623,1.050974651661818e-05,0.16054821421403176,0.6673196703195572,1.0509743333386723e-05,0.013187284926061693,1.050974196914467e-05,0.010975243868415419,1.050974651661818e-05
Western University,114,0.09604264294648601,2.9453214665409178e-05,0.1952439844608307,0.08213155960584118,0.26240256801247597,2.945321648439858e-05,2.9453221941366792e-05,2.9453203751472756e-05,2.945321648439858e-05,2.9453207389451563e-05
University of Helsinki,115,6.53546903777169e-05,0.01905779103981331,6.535471220558975e-05,6.535469401569571e-05,6.535469401569571e-05,6.535469401569571e-05,6.535468310175929e-05,6.535468310175929e-05,6.535467582580168e-05,6.53546867397381e-05
"KIT,Karlsruhe Institute of Technology",119,0.0003394079685676843,0.08087218197761104,0.00033940799767151475,0.05342258530436084,0.0003394081722944975,0.00033940799767151475,0.0003394081868464127,0.0003394079103600234,0.00033940804132726043,0.0003394080849830061
The Polytechnic University of Milan,123,0.017993180328630842,0.4001680314540863,0.07225083746016026,5.7117576943710446e-05,5.711758785764687e-05,5.7117580581689253e-05,5.7117576943710446e-05,5.711755875381641e-05,0.013073925860226154,0.008581815542129334
Eindhoven University of Technology,124,0.0004120951944059925,0.50373974442482,0.16663876175880432,0.00015091523709998,0.0064291818998754025,1.65328519869945e-05,0.00513819528350723,1.6532847439520992e-05,1.6532857443962712e-05,1.6532854715478607e-05
Macquarie University ,130,5.6440172556904145e-05,5.644016528094653e-05,0.5732911080121994,5.6440183470840566e-05,5.644018165185116e-05,5.6440158004988916e-05,5.644016891892534e-05,0.42585425885954464,5.644016164296772e-05,5.644016891892534e-05
Texas A&M University,134,5.9912197684752755e-05,5.991216494294349e-05,5.991219040879514e-05,5.9912197684752755e-05,0.056857450399547815,5.991215766698588e-05,5.991220132273156e-05,5.991215766698588e-05,5.991217585687991e-05,5.9912161304964684e-05
Sapienza University of Rome,134,0.0038838375767227262,0.17597605954688333,3.0512219382217154e-05,3.0512224839185365e-05,3.0512219382217154e-05,3.0512219382217154e-05,3.0512215744238347e-05,3.0512203011312522e-05,0.1007422273978591,0.5533066540956497
King Abdulaziz University ,143,6.997325908741914e-05,6.997324817348272e-05,6.997326636337675e-05,6.997325544944033e-05,0.2215212018127204,6.99732408975251e-05,6.997328455327079e-05,6.99732408975251e-05,0.777419239282608,6.997325908741914e-05
University of Bath ,148,5.716882515116595e-05,5.71688506170176e-05,0.9990771114826202,5.716883242712356e-05,5.716883242712356e-05,5.7168839703081176e-05,5.7168839703081176e-05,5.716881787520833e-05,5.7168839703081176e-05,5.716884334105998e-05
RMIT University,140,2.2581109078601003e-05,2.2581114535569213e-05,0.8748081624507904,2.2581109078601003e-05,2.2581109988095704e-05,2.25811072596116e-05,2.2581109078601003e-05,2.2581104531127494e-05,2.2581109988095704e-05,2.258111362607451e-05
Nanjing University,141,3.647981611720752e-05,0.007105119442712748,3.6479828850133345e-05,3.6479823393165134e-05,0.002244376028102124,3.6479828850133345e-05,0.0892919822690601,3.647981247922871e-05,0.7158574759960175,0.18377514742314816
Aarhus University,143,4.72703486593673e-05,0.4504043459892273,0.03914170656207716,4.727035775431432e-05,4.72703486593673e-05,4.7270330469473265e-05,4.727033774543088e-05,4.727033410745207e-05,4.727033956442028e-05,4.727035775431432e-05
Rice University ,145,0.056282783517872303,0.0006146972386886773,0.001261443941075413,0.16765688522718847,0.7340277135372162,1.4591264061891707e-05,0.0010668758854990301,1.4591258604923496e-05,1.4591266790375812e-05,1.4591264061891707e-05
University of Putra Malaysia ,158,0.00022105590323917568,0.00022105597599875182,0.00022105603420641273,0.00022105599055066705,0.0072885226109065115,0.8143040239810944,0.14980713702971116,0.00022105588868726045,0.00022105599055066705,0.00022105600510258228
Indian Institute of Technology Bombay,149,0.08160967193543911,0.010875454674533103,7.711781290709041e-05,0.07710827564733336,0.06961975999729475,7.711778744123876e-05,0.00016537379269720986,7.711776925134473e-05,0.1670622006058693,0.5309833437204361
Cardiff University,154,5.1020231694565155e-05,5.1020237151533365e-05,0.27635612338781357,0.6798897385597229,5.102022805658635e-05,5.102022441860754e-05,5.102022078062873e-05,5.102021896163933e-05,5.102024078951217e-05,0.03164777945858077
Ghent University,159,0.00014895086496835575,0.42226284742355347,0.03182910063333111,0.000148950784932822,0.03700787627167301,0.014461918333836365,0.0001489508358645253,0.00014895077765686437,0.00014895087224431336,0.046241570795245934
University of  Wollongong,162,9.584001600160263e-05,9.584001963958144e-05,0.9984528422355652,9.584001963958144e-05,9.584001600160263e-05,9.58399978117086e-05,9.584000872564502e-05,9.583996506989934e-05,9.58399978117086e-05,9.583998325979337e-05
The Ohio State University,151,3.507885412545875e-05,3.507885048747994e-05,0.05592261413403321,3.5078863220405765e-05,0.9432554841041565,3.5078848668490537e-05,3.5078863220405765e-05,3.507884139253292e-05,3.5078852306469344e-05,3.507885048747994e-05
Kyushu University,164,7.260630809469149e-05,0.006114883100963198,7.260632628458552e-05,7.260631173267029e-05,0.3523917943239212,7.260630081873387e-05,0.3372246325016022,7.260627899086103e-05,7.260632628458552e-05,0.01578742423589574
University of Maryland,169,9.505786147201434e-05,9.505782873020507e-05,0.2973468378186226,0.16505706213865778,0.4960806965827942,9.505782509222627e-05,9.505787238595076e-05,9.505780690233223e-05,9.505783600616269e-05,9.505780690233223e-05
Qatar University ,173,0.00012470645742723718,0.00012470650108298287,0.08365039702039212,0.00012470647925511003,0.75108402967453,0.00012470649380702525,0.00012470648653106764,0.0001247064719791524,0.11922332719404949,0.00012470650108298287
University of Cape Town,173,0.30945268273353577,0.029062423385767033,0.5588171184062958,4.571517274598591e-05,4.571517274598591e-05,4.571517274598591e-05,4.571516365103889e-05,4.5715154556091875e-05,0.0055514154919364955,4.57151672890177e-05
Nagoya University ,176,0.0001288661442231387,0.009090802777791396,0.00012886613694718108,0.00012886612239526585,0.049480333138490096,0.00012886610784335062,0.3471967726945877,0.00012886611511930823,0.0728146786277648,0.08040198232629336
King Fahd University of Petroleum & Minerals,180,0.0007583138649351895,0.0007583140104543418,0.2009752243757248,0.22122038900852203,0.08880214401870035,0.0007583140104543418,0.000758314155973494,0.0007583133410662413,0.0007583138649351895,0.000758314155973494
McMaster University,189,0.048165363132284256,3.243283754272852e-05,0.2351696789264679,0.005478974770085188,0.4437011629343033,3.243283208576031e-05,3.243283754272852e-05,3.24328284477815e-05,3.2432839361717924e-05,3.2432844818686135e-05
Ecole des Ponts ParisTech,192,0.0005212410032982007,0.5728427320718765,0.11949188262224197,0.0005212410032982007,0.0005212411197135225,0.0005212410615058616,0.0005212410032982007,0.0005212408577790484,0.0005212410615058616,0.0005212410615058616
University College Dublin,171,3.619337439886294e-05,0.010224544656011858,0.5156778991222382,0.30096450448036194,0.032283676893712254,3.619336166593712e-05,3.619336894189473e-05,3.619336712290533e-05,3.619337439886294e-05,0.009002021621199674
University of Minnesota Twin Cities,195,0.06375215561274672,0.0002177702626795508,0.000217919958231505,0.00021777034999104217,0.4542235881090164,0.00021777023357572034,0.1238107940662303,0.00021777023357572034,0.00021777029178338125,0.0002177702626795508
Indian Institute of Technology Delhi,197,0.020129201820964226,0.00012086134302080609,0.21947826445102692,0.059319004303688416,0.1500270515680313,0.00012086128481314518,0.11724215373396873,0.00012086127753718756,0.019796544573182473,0.00012086134302080609
University of the Andes Colombia,198,0.6611283719539642,0.0026610851236910094,0.00021351600116759073,0.0007745767543383408,0.0039342007776212995,1.4314021427708212e-05,0.001215174719618517,1.4314015970740002e-05,0.21828813352112775,7.930816718726419e-05
Hokkaido University,196,4.031601747556124e-05,0.21848275512456894,4.031602475151885e-05,4.031601747556124e-05,0.04786932631395757,4.031601201859303e-05,0.41057340800762177,4.031601747556124e-05,4.0316015656571835e-05,0.22632572054862976
Waseda University ,199,0.0005506446468643844,0.015751378290588036,0.0005506449961103499,0.0005506451998371631,0.0990325080929324,0.0005506445304490626,0.2732875794172287,0.0005506446759682149,0.0005506446759682149,0.0005506446468643844
Massachusetts Institute of Technology (MIT) ,1,0.49971890070628433,3.71249934687512e-05,3.7125000744708814e-05,0.41818940149642003,0.08156665669594076,3.7124986192793585e-05,3.712508259923197e-05,3.7124986192793585e-05,3.712499892571941e-05,3.71249934687512e-05
University of Cambridge,2,0.0009892471134662628,0.00098924693884328,0.19305170711595565,0.000989247055258602,0.0009892473462969065,0.0009892473462969065,0.0009892468806356192,0.492512188735418,0.0009892468806356192,0.0009892468224279583
University of Oxford,3,7.007495150901377e-05,0.028726043179631233,0.4999412000179291,0.44016319513320923,0.009179288339510094,7.007494787103496e-05,7.0074966060929e-05,7.007495150901377e-05,7.007498061284423e-05,0.010583566345303552
ETH Zurich - Swiss Federal Institute of Technology,7,1.2373434401524719e-05,0.48431800678372383,0.01898386186803691,1.2373434401524719e-05,1.237343531101942e-05,1.2373428489809157e-05,1.2373433946777368e-05,1.237342985405121e-05,1.2373434401524719e-05,1.2373433946777368e-05
National University of Singapore (NUS),8,0.0002334988021175377,0.00023349887487711385,0.3893391489982605,0.00023349886032519862,0.3848959654569626,0.00023349872935796157,0.03966559283435345,0.00023349867115030065,0.0002334987439098768,0.18303044140338898
University of Pennsylvania,12,0.051152428291970864,0.1935231313109398,0.36114315688610077,0.15043102359049954,0.18686363101005554,0.00011655776324914768,0.00011655779962893575,0.00011655775597319007,0.00011655777780106291,0.00011655778507702053
Princeton University,17,0.1730313266525627,1.8107168216374703e-05,0.0008678781523485668,0.3229730697348714,0.21123355661984533,1.810717731132172e-05,0.008858501249051187,1.8107159121427685e-05,1.810716730688e-05,1.81071663973853e-05
The University of Sydney,19,3.495231703709578e-05,3.4952313399116974e-05,0.9994357824325562,3.4952313399116974e-05,3.495231521810638e-05,3.4952304304169957e-05,3.4952307942148764e-05,3.4952298847201746e-05,3.4952307942148764e-05,3.4952304304169957e-05
"Nanyang Technological University, Singapore (NTU)",26,8.611168595962226e-05,8.611171506345272e-05,0.5875442326068878,0.05397793530210038,0.09379110112786293,8.611169687355869e-05,8.611169323557988e-05,8.611164594185539e-05,8.611169323557988e-05,8.611167504568584e-05
The University of Hong Kong,26,6.271614074648824e-05,0.012018337491099373,0.7373860478401184,0.04977128095924854,0.03675503842532635,6.271616621233989e-05,0.03894469700753689,6.271613710850943e-05,6.271614074648824e-05,0.12442575581371784
University of British Columbia,34,0.20567110180854797,1.8713169083639514e-05,0.3193875402212143,0.0012853485341111082,0.20728854276239872,1.871210497483844e-05,0.0026581854135656613,1.871209951787023e-05,1.8712109522311948e-05,1.871210497483844e-05
EPFL,36,7.724390115981805e-06,7.724390115981805e-06,7.724389206487103e-06,7.724389661234454e-06,7.724390115981805e-06,7.724388751739752e-06,7.724389206487103e-06,7.724386932750349e-06,7.724390115981805e-06,7.724389661234454e-06
Technical University of Munich,37,4.579249434755184e-05,0.5267370641231537,0.013450050726532936,4.579249434755184e-05,0.0846234919881681,4.579248525260482e-05,4.5792508899467066e-05,4.579246524372138e-05,4.5792503442498855e-05,4.579249070957303e-05
Kyoto University,46,0.0002571530712884851,0.16212588548660278,0.04509197504376061,0.00025715315859997645,0.03168559032201301,0.0002571530858404003,0.5967170298099518,0.00025715311494423077,0.00025715311494423077,0.0002571531877038069
Delft University of Technology,47,0.0338780569654773,0.3413025506888516,0.12349759664357407,2.6059656192956027e-05,2.6059654373966623e-05,0.4989201041425986,2.605965255497722e-05,2.60596425505355e-05,2.605965801194543e-05,2.6059650735987816e-05
The Chinese University of Hong Kong (CUHK),47,0.007682010873395484,0.009545905573759228,0.661259263753891,0.0629708637134172,0.07438995130360126,3.194056625943631e-05,0.04574200510978699,3.194055716448929e-05,0.005197990562010091,0.05074363946914673
University of Amsterdam,53,0.29625003784894943,0.35992178320884705,0.1996208131313324,0.002252266423056426,1.5061292288010009e-05,1.5061295925988816e-05,1.5061291378515307e-05,1.5061292288010009e-05,1.5061295016494114e-05,1.5061296835483517e-05
Ludwig-Maximilians-University Munich,54,0.0003580392658477649,0.8537617623806,0.00035803938226308674,0.0003580393240554258,0.0003580397606128827,0.0003580393095035106,0.00035803939681500196,0.0003580392658477649,0.0003580393531592563,0.0003580395132303238
KAIST - Korea Advanced Institute of Science & Technology,56,7.2372317845292855e-06,7.237230875034584e-06,7.237231329781935e-06,7.2372317845292855e-06,7.237232239276636e-06,7.23722905604518e-06,0.518515745177865,7.237228146550478e-06,7.2372317845292855e-06,7.237231329781935e-06
Sorbonne University,59,0.00062107018311508,0.5435011982917786,0.20232602208852768,0.0006210701540112495,0.0006210700084920973,0.03981743927579373,0.0006210700666997582,0.0006210700666997582,0.0006210700375959277,0.0006210702413227409
KU Leuven,61,0.10906065125891473,0.29419707879424095,0.16174215078353882,7.198428284027614e-05,7.198427556431852e-05,0.016148421836987836,7.198425737442449e-05,7.198425373644568e-05,7.198428284027614e-05,7.198429011623375e-05
Universiti Malaya (UM),65,0.012139861804826069,0.0352429881459102,0.7458838820457458,4.9985947043751366e-05,0.04834608524106443,4.998595431970898e-05,0.02274581923848018,4.998592885385733e-05,0.074490487575531,4.9985947043751366e-05
The University of Auckland,68,4.1013112422660924e-05,4.101310514670331e-05,0.9993379414081573,4.101310514670331e-05,4.1013106965692714e-05,4.10131015087245e-05,4.1013106965692714e-05,4.101309423276689e-05,4.101310878468212e-05,4.10130996897351e-05
National Taiwan University (NTU),69,0.20553407445549965,0.024410656638792716,0.0002963379374705255,0.00029633796657435596,0.000296338097541593,0.00029633812664542347,0.2361848499858752,0.0002963379374705255,0.20617537200450897,0.000296338097541593
City University of Hong Kong,70,0.01965237781405449,0.006164187483591377,0.2112807184457779,0.009509739524219185,0.08022385090589523,1.2899366538476897e-05,0.0948461964726448,1.289935744352988e-05,0.018443163402480423,0.17639125883579254
Université Paris-Saclay,71,0.002046364547823032,0.3204475959212232,7.793627219143673e-06,7.793626309648971e-06,7.79362540015427e-06,0.02127966670400383,7.79362540015427e-06,7.793623126417515e-06,0.012436344419484158,7.793626309648971e-06
Brown University,73,0.008720300858840346,3.783664033107925e-05,0.031311424130763044,0.08169325173548714,0.8285615742206573,3.783662759815343e-05,3.783664033107925e-05,3.783662396017462e-05,3.783664578804746e-05,3.783663305512164e-05
KTH Royal Institute of Technology ,73,0.00025478278257651255,0.00025478288443991914,0.0002547837284510024,0.0002547827971284278,0.000254782811680343,0.000254782811680343,0.0002547827534726821,0.9958871006965637,0.00025478278257651255,0.000254782811680343
Korea University,79,1.3915581348555861e-05,1.3915577710577054e-05,1.3915581348555861e-05,1.3915578620071756e-05,1.3915579529566457e-05,1.3915574072598247e-05,1.3915578620071756e-05,1.3915571344114142e-05,1.3915579529566457e-05,1.3915577710577054e-05
Osaka University,80,0.0001196610028273426,0.11889220168814063,0.17504216358065605,0.00011966103193117306,0.16202600672841072,0.00011966098827542737,0.2557622939348221,0.00011966098099946976,0.00011966103920713067,0.010662295302608982
"Trinity College Dublin, The University of Dublin",81,0.04898767254599079,0.03214799892157316,0.3854919746518135,0.3965653106570244,0.009868334856037109,2.1880854546907358e-05,2.1880854546907358e-05,2.1880849089939147e-05,0.00015074282691784902,0.0024985166974147432
University of Birmingham,84,3.7685058487113565e-05,3.76850748580182e-05,0.972250759601593,3.7685063944081776e-05,3.768506576307118e-05,3.7685053030145355e-05,3.7685058487113565e-05,3.768505666812416e-05,3.768506758206058e-05,3.768506576307118e-05
Lund University,85,0.0001282464581890963,0.20822092414891813,0.00012824646546505392,0.0001282464509131387,0.00012824644363718107,0.00012824652367271483,0.00012824643636122346,0.7752200067043304,0.0001282464581890963,0.00012824648729292676
Ruprecht-Karls-University Heidelberg,87,0.009877184400465921,3.906079109583516e-05,3.906079291482456e-05,0.48973365593155904,0.00017150144594779704,3.9060785638866946e-05,3.9060812923708e-05,3.906078200088814e-05,3.906080928572919e-05,3.9060800190782174e-05
Tokyo Institute of Technology (Tokyo Tech),91,0.00018419422849547118,0.0883793902467005,0.2858709543943405,0.055064219690393656,0.26549556851387024,0.0001841941848397255,0.2485622987151146,0.00018419419939164072,0.00018419417028781027,0.00018419416301185265
University of Zurich,91,0.010354851809097454,0.4508874788880348,0.033327112440019846,0.00011427411300246604,0.25672194361686707,0.00011427412755438127,0.00011427411300246604,0.00011427407662267797,0.00011427415665821172,0.00011427415665821172
University of St Andrews,95,4.737897324957885e-05,4.737897324957885e-05,0.7578422725200653,4.7378965973621234e-05,4.7378956878674217e-05,4.7378960516653024e-05,4.7378965973621234e-05,4.737894232675899e-05,4.7378956878674217e-05,4.7378951421706006e-05
Georgia Institute of Technology,97,0.09298475156538188,3.853700400213711e-05,0.3580227494239807,3.8537002183147706e-05,0.3843258395791054,3.8537016735062934e-05,0.08135595358908176,3.8536980355274864e-05,3.8536996726179495e-05,3.853698945022188e-05
Freie Universitaet Berlin,98,9.877072443487123e-05,0.9196195900440216,0.05778681021183729,9.877071715891361e-05,9.877072443487123e-05,9.877066622721031e-05,0.016661958117765607,9.877065531327389e-05,9.877069169306196e-05,9.877072443487123e-05
Pohang University of Science And Technology (POSTECH),100,0.0011224128247704357,0.0011224136978853494,0.26211978495121,0.0011224130576010793,0.03536875350982882,0.0011224130576010793,0.5242694765329361,0.001122413290431723,0.001122413348639384,0.0011224130576010793
Macau University of Science and Technology,505,9.747436342877336e-05,0.18496616184711456,0.26231158524751663,9.74743852566462e-05,0.1364026814699173,9.747434887685813e-05,0.2795887887477875,9.74743816186674e-05,0.03577168137053377,0.005329662842996186
UniversitÃ Â Cattolica del Sacro Cuore,505,0.07760986775974743,0.5004864931106567,0.01760486653074622,5.2259822041378357e-05,5.225981476542074e-05,0.035121631424772204,5.225982931733597e-05,5.2259805670473725e-05,0.04161096791540331,0.07789963538562006
Oregon State University,505,6.351718002406415e-05,6.35171581961913e-05,0.10121263563632965,6.351718002406415e-05,0.8803780674934387,6.351714000629727e-05,6.351718366204295e-05,6.351713273033965e-05,6.35171545582125e-05,6.351714728225488e-05
SOAS University of London ,511,3.857798037643079e-05,3.857797310047317e-05,0.0329271275550127,0.9230352640151978,3.8577964005526155e-05,3.857796764350496e-05,3.857796582451556e-05,3.8577958548557945e-05,3.857797310047317e-05,0.043492023933140445
Duy Tan University,514,0.00028616875351872295,0.00028616881172638386,0.0002861688262782991,0.00028616875351872295,0.1104786736832466,0.00028616865165531635,0.06202258438861463,0.00028616859344765544,0.0002861688699340448,0.20164893940091133
The University of Georgia,524,4.73362688353518e-05,4.7336259740404785e-05,4.733627247333061e-05,4.733627247333061e-05,0.3032533824443817,4.7336248826468363e-05,0.6960297673940659,4.7336245188489556e-05,4.7336259740404785e-05,4.7336254283436574e-05
Kyungpook National University,520,0.0004355910059530288,0.000435591209679842,0.07338034806889482,0.0004355910059530288,0.49208368360996246,0.00043559097684919834,0.28329820185899734,0.0004355908604338765,0.0004355910059530288,0.00043559109326452017
Universiti Teknologi Brunei,525,0.00020484309789026156,0.039441678403818514,0.7104179859161377,0.0002048430687864311,0.04853295135399094,0.012823608434700873,0.00020484312699409202,0.00020484293781919405,0.08325854402937694,0.00020484309789026156
Sabanci University,526,0.0661343579122331,0.14823804050683975,0.1968458592891693,0.00030886626336723566,0.2017827827949077,0.00030886630702298135,0.026778258514241315,0.00030886626336723566,0.21712227910757065,0.00030886636523064226
University of Madras,526,0.0686454139649868,0.15378209948539734,0.0004825364740099758,0.0004825366195291281,0.00048253644490614533,0.0004825363284908235,0.000482536677736789,0.0004825362702831626,0.24433408118784428,0.34889964759349823
University of Genoa,530,0.00027533547836355865,0.2977747702389024,0.2648949772119522,0.00027533547836355865,0.00027533547836355865,0.0002753355947788805,0.0002753354056039825,0.0002753353473963216,0.00027533553657121956,0.22350844368338585
China Agricultural University ,534,0.05833333544433117,0.05833333544433117,0.05833333544433117,0.05833333544433117,0.05833333544433117,0.05833333544433117,0.05833333544433117,0.05833333544433117,0.05833333544433117,0.05833333544433117
University of Crete,534,0.024339005176443607,0.22459690272808075,0.0333898076787591,0.00011470812023617327,0.07394899800419807,0.00011470810568425804,0.00011470812023617327,0.00011470805475255474,0.0001147081347880885,0.4439324587583542
Lahore University of Management Sciences (LUMS),540,0.011417705565690994,0.008686327520990744,0.06939284517648048,0.4413949251174927,0.31669269874691963,5.8379295296617784e-05,0.023943576030433178,5.8379269830766134e-05,5.83793025725754e-05,5.8379295296617784e-05
Universidad Nacional de La Plata (UNLP),540,0.49997614170183624,3.152580802634475e-06,3.152580347887124e-06,3.1525805752607994e-06,3.152580347887124e-06,3.1525800068266108e-06,3.152580347887124e-06,3.1525792110187467e-06,0.49997610851210084,3.1525805752607994e-06
University Ulm,542,6.899302752572112e-05,6.899299478391185e-05,6.899300933582708e-05,6.89930166117847e-05,0.998886227607727,6.899297295603901e-05,6.899300933582708e-05,6.89929693180602e-05,6.899299842189066e-05,6.899301297380589e-05
Universidad de Costa Rica,544,0.00019134252215735614,0.0001913426021928899,0.00019134246394969523,0.00019134248577756807,0.00019134252215735614,0.0001913425003294833,0.0001913425003294833,0.0001913424421218224,0.9969111979007721,0.00019134251488139853
Singapore Management University,545,0.023581779096275568,0.00010444081271998584,0.5282359570264816,0.06565249863342615,0.2585553526878357,0.00010444073268445209,0.008222575874242466,0.00010444071085657924,0.00010444082727190107,0.00010444078725413419
University of Hull,523,9.191926073981449e-05,9.191929348162375e-05,0.9169372320175171,9.191926073981449e-05,9.191925346385688e-05,0.08167084255546797,9.191928256768733e-05,9.191922436002642e-05,9.191922436002642e-05,9.191927165375091e-05
University of Eastern Finland,548,0.0004388253000797704,0.2872954846243374,0.17034418263938278,0.00043882532918360084,0.000438825212768279,0.00043882553291041404,0.00043882527097593993,0.4966784640128026,0.00043882532918360084,0.0004388254747027531
Hasselt University ,551,0.053698352341598365,0.17627970016474137,4.13957404816756e-05,4.139572774874978e-05,4.139572229178157e-05,4.13957386626862e-05,4.1395716834813356e-05,4.139571501582395e-05,4.139572956773918e-05,0.26284623778337846
Canadian University Dubai,551,0.00020198112179059535,0.032109216786921024,0.0960877574980259,0.00020198108541080728,0.5480696260929108,0.0002019810999627225,0.00020198106358293444,0.0002019810490310192,0.00020219595171511173,0.05869496707600774
Renmin (People's) University of China,556,4.887176874035504e-05,4.887176874035504e-05,4.887177055934444e-05,4.887176510237623e-05,4.887177419732325e-05,4.887175964540802e-05,4.887183058599476e-05,4.887175964540802e-05,4.887178147328086e-05,0.9992111027240753
INTI International University,556,0.0005403346876846626,0.000540334774996154,0.5583701729774475,0.000540334774996154,0.0005403347458923236,0.0005403346294770017,0.0005403346003731713,0.43344759941101074,0.0005403345130616799,0.0005403344839578494
"University of Chemistry and Technology, Prague",556,5.90298259339761e-06,5.902983730265987e-06,5.902981456529233e-06,5.902982138650259e-06,5.902982138650259e-06,5.90298259339761e-06,5.9029819112765836e-06,5.9029803196608555e-06,5.902984185013338e-06,0.5372540280222893
UniversitÃ© de Fribourg,563,3.4203661016363185e-05,0.5165850818157196,3.42036682923208e-05,3.420366465434199e-05,0.030651156487692788,3.420365737838438e-05,3.420366283535259e-05,3.4203646464447957e-05,3.420366465434199e-05,0.007446577469636395
Bond University,567,0.00014002099851495586,0.00014002103489474393,0.8775782883167267,0.00014002099123899825,0.00014002102761878632,0.00014002099123899825,0.00014002099123899825,0.0001400209621351678,0.00014002097668708302,0.00014002098396304063
University of Huddersfield,567,0.00043893732072319835,0.00043893737893085927,0.8792760968208313,0.11407711694482714,0.0004389376117615029,0.00043893732072319835,0.0004389376408653334,0.00043893772817682475,0.00043893766996916384,0.00043893766996916384
Universidad Adolfo IbÃ¡Ã±ez,567,0.03226836785506748,0.11489927576258196,0.02186814689412131,4.8728745241533034e-05,0.013193568913266063,4.872873432759661e-05,4.8728745241533034e-05,4.872872341366019e-05,0.2536392118781805,4.8728725232649595e-05
Warsaw University of Technology,571,0.06488783378335938,0.20670217834413052,0.030692335218191147,1.551104605823639e-05,1.5511047877225792e-05,1.5511045148741687e-05,1.5511045148741687e-05,1.5511045148741687e-05,0.011547940255695721,0.31973975896835327
Indian Institute of Technology (BHU) Varanasi,571,0.000535619183210656,0.29856500172172673,0.0005356193869374692,0.0005356192996259779,0.29902666062116623,0.0005356190958991647,0.1758660525083542,0.0005356193287298083,0.0005356194160412997,0.0005356193578336388
HUFS - Hankuk (Korea) University of Foreign Studies ,575,0.0010065670940093696,0.0010065676178783178,0.0010065670940093696,0.001006566861178726,0.001006567559670657,0.0010065666865557432,0.3594214469194412,0.0010065670940093696,0.13429214322241023,0.33783693611621857
University of Klagenfurt,580,9.569746544002555e-05,0.7859503626823425,9.569747635396197e-05,9.569747635396197e-05,9.569745816406794e-05,9.569744725013152e-05,9.569749454385601e-05,9.569747635396197e-05,9.569746907800436e-05,0.07778219413012266
Applied Science University - Bahrain,582,9.108033191296272e-05,9.108036101679318e-05,0.27225691080093384,9.108037920668721e-05,0.3217988610267639,9.108035010285676e-05,0.020930722123011947,9.10803755687084e-05,0.08615353364075418,0.25269532203674316
Universidad CatÃ³lica Andres Bello,582,5.17368498549331e-05,5.1736833484028466e-05,5.1736833484028466e-05,5.173684439796489e-05,5.1736848035943694e-05,5.1736833484028466e-05,5.1736853492911905e-05,5.1736817113123834e-05,0.07455280180511181,0.9190780818462372
Universidad Pontificia Comillas,582,0.04045182676054537,0.09667641159467166,9.036027768161148e-05,9.036029950948432e-05,9.036029950948432e-05,9.036032861331478e-05,9.036029950948432e-05,0.00740822427906096,0.28784479200839996,0.1268296339767403
"University of Missouri, Columbia",586,0.10991857293993235,1.788599638530286e-05,1.7992922039411496e-05,0.07943059131503105,0.7160883545875549,1.7885992747324053e-05,0.0943273224929726,1.7885988199850544e-05,1.7886000023281667e-05,1.788599547580816e-05
Prince Mohammad Bin Fahd university,590,0.08656035084277391,2.6181881366937887e-05,2.7551716812013183e-05,0.009183277683405322,0.6376328468322754,2.618187318148557e-05,2.6181884095421992e-05,2.618187318148557e-05,0.12829415500164032,0.023223821073770523
UniversitÃ  Vita-Salute San Raffaele,595,0.06011483781549032,0.33588656142819673,0.012465136966056889,0.009482120729444432,4.8734445954323746e-05,4.8734440497355536e-05,4.873444231634494e-05,4.873441866948269e-05,0.009358629218695569,0.01769601423984568
UniversitÃ¤t des Saarlandes,600,9.13711346584023e-06,0.44534556212602183,9.137113011092879e-06,9.13711346584023e-06,0.016136069025378674,9.137110737356124e-06,9.13711392058758e-06,9.137109373114072e-06,0.00020981952548027039,0.03826677444158122
Queen's University Belfast,202,9.616654642741196e-05,9.616657916922122e-05,0.9984475672245026,9.616656097932719e-05,9.6166564617306e-05,9.616655370336957e-05,9.616656097932719e-05,9.616652459953912e-05,9.616656097932719e-05,9.616659735911526e-05
King Saud University,203,6.997325181146152e-05,6.99732372595463e-05,6.997325544944033e-05,6.997324817348272e-05,0.22151986070821295,6.997323362156749e-05,6.997327363933437e-05,6.997323362156749e-05,0.7774205803871155,6.997325181146152e-05
University of Ottawa,203,0.13617582246661186,0.0032188138393394183,0.40086087584495544,0.0405314564704895,0.3129194751381874,7.495066165574826e-05,7.495064346585423e-05,7.495060344808735e-05,0.0117066030325077,7.495064710383303e-05
Universitt Hamburg,205,0.010102859698235989,0.2066052258014679,6.98234998708358e-05,6.982352897466626e-05,0.5157573521137238,6.982351078477222e-05,0.016327413570252247,6.98234998708358e-05,0.04395655170083046,0.047607974733182346
University of Otago,206,0.005686038854946673,1.846081249823328e-05,0.6719761490821838,0.31480883061885834,0.00039563011978316354,1.8460809769749176e-05,1.846081158873858e-05,1.8460808860254474e-05,1.846081249823328e-05,0.006118700127444754
Queen's University at Kingston,209,2.268536809424404e-05,2.268536809424404e-05,0.004722322537418222,2.2685366275254637e-05,0.02308739276122651,2.2685358999297023e-05,2.2685366275254637e-05,2.2685356270812918e-05,2.2685370822728146e-05,2.2685366275254637e-05
Chulalongkorn University,211,0.0005508310277946293,0.0005508310860022902,0.5412411093711853,0.000550831260625273,0.19902272522449493,0.0005508311151061207,0.2519458085298538,0.0005508309113793075,0.0005508311442099512,0.0005508310860022902
Loughborough University,212,1.2370870535960421e-05,1.237086962646572e-05,0.435971256042194,0.4999063382360873,1.2370866443234263e-05,1.2370865988486912e-05,1.237086962646572e-05,1.2370863260002807e-05,0.06276116862363779,0.0010387013194304018
Keio University,214,5.511429662874434e-05,5.511431481863838e-05,5.511429662874434e-05,5.511429662874434e-05,5.511429662874434e-05,5.51143257325748e-05,0.9562119543552399,5.511428207682911e-05,5.511430026672315e-05,0.020129543479924905
Tel Aviv University,215,0.005918384296819568,0.015501567650062498,9.911671440931968e-05,9.911671440931968e-05,0.18010705709457397,9.911667802953161e-05,0.057661686314531835,9.911664528772235e-05,9.911669621942565e-05,9.911668894346803e-05
University of Sussex,218,6.640490028075874e-05,6.640491119469516e-05,0.9989280104637146,6.640490391873755e-05,6.640491119469516e-05,6.640489300480112e-05,6.640488572884351e-05,6.64048784528859e-05,6.640489300480112e-05,6.640490755671635e-05
University of Lausanne,220,7.724390115981805e-06,7.724390115981805e-06,7.724389206487103e-06,7.724389661234454e-06,7.724390115981805e-06,7.724388751739752e-06,7.724389206487103e-06,7.724386932750349e-06,7.724390115981805e-06,7.724389661234454e-06
Radboud University ,222,0.2803846672177315,0.4148349463939667,0.20549821108579636,6.3181198129314e-05,6.318116174952593e-05,0.02145501388440607,6.318115811154712e-05,6.341162770695519e-05,6.318116538750473e-05,6.318117630144116e-05
Indian Institute of Science,225,0.001535956747829914,0.0015359570388682187,0.001535957504529506,0.0015359570388682187,0.020442622306291014,0.001535957446321845,0.22044380067382008,0.4883743423852138,0.0015359579119831324,0.0015359573299065232
American University of Beirut (AUB),226,0.035338920541107655,2.7631027478491887e-05,0.1704648807644844,0.044645407166171935,0.5705471336841583,2.473994027241133e-05,2.473994027241133e-05,2.4739927539485507e-05,0.021067525260150433,0.04410092847865599
University of GÃ¶ttingen,232,3.4283481909369584e-05,0.7370929718017578,0.0041134112543659285,3.4283481909369584e-05,0.03811661875806749,3.428346553846495e-05,0.0001531921889181831,3.4283467357454356e-05,3.428348372835899e-05,0.0008228486121879541
Heriot-Watt University,235,6.711976675433107e-05,0.02835462612347328,0.8195910453796387,6.711978858220391e-05,0.004707304735347861,6.711975584039465e-05,6.71197813062463e-05,6.711974492645822e-05,6.71197813062463e-05,0.0408880648574268
UniversitÃ© de Paris-CitÃ©,236,2.445502559567103e-05,2.4455062884953804e-05,2.445502559567103e-05,2.4455023776681628e-05,2.4455023776681628e-05,0.4998148281520116,2.4455021957692225e-05,2.4455017410218716e-05,2.4455023776681628e-05,2.4455028324155137e-05
Victoria University of Wellington,241,4.4832908315584064e-05,4.4832919229520485e-05,0.9992762804031372,4.4832919229520485e-05,4.483291559154168e-05,4.4832899220637046e-05,4.4832913772552274e-05,4.4832893763668835e-05,4.4832908315584064e-05,4.4832904677605256e-05
La Trobe University,242,0.000266559945885092,0.000266559945885092,0.8411941230297089,0.00026655990222934633,0.05656481848563999,0.00026656010595615953,0.011232394143007696,0.00026655991678126156,0.00026655980036593974,0.0002665599895408377
Griffith University,243,0.023535342887043953,3.4790428799169604e-05,0.7890671491622925,3.4790428799169604e-05,0.1106293760240078,3.4790414247254375e-05,3.47904251611908e-05,3.4790414247254375e-05,3.4790434256137814e-05,3.479043061815901e-05
Technical University of Darmstadt,246,0.00018415164231555536,0.8249543607234955,0.020178068523819093,0.0001841516132117249,0.00018415164231555536,0.00018415156955597922,0.00018415162776364014,0.00018415157683193684,0.00018415164959151298,0.00018415162776364014
Charles University,248,3.216259756300133e-05,0.37164732813835144,3.2162595744011924e-05,3.216259938199073e-05,3.216259938199073e-05,3.216259028704371e-05,3.2162592106033117e-05,3.216259938199073e-05,3.2162595744011924e-05,0.3293752009049058
University of Antwerp,248,0.27556168044975493,0.17559689785412047,4.900702151644509e-05,4.9007012421498075e-05,4.900700514554046e-05,4.900701424048748e-05,4.900700878351927e-05,4.9007001507561654e-05,4.9007026973413303e-05,0.04856835807731841
Politecnico di Torino,252,0.03897076531802668,0.30740900024329676,0.00044193864823682816,0.0003059172399844101,9.069515726878308e-06,9.069515726878308e-06,9.069516181625659e-06,9.069512998394202e-06,0.05428515433823122,0.018459540452113288
University of Macau,254,8.953082942753099e-05,0.08428952314716298,0.0429425186739536,0.015028114736196585,8.953085125540383e-05,8.953084761742502e-05,0.09818188846111298,8.953081851359457e-05,8.95308367034886e-05,0.5008497461676598
University of Canterbury | Te Whare WÄnanga o Waitaha,256,0.022244337218580768,0.018087165051838383,0.9081102013587952,0.0031103976116355625,0.025209048995748162,2.753586431936128e-05,2.7535871595318895e-05,2.7535857043403666e-05,0.009576184213983652,2.7535871595318895e-05
Maastricht University ,256,3.699308945215307e-05,0.4430282562971115,0.324478879570961,3.699308399518486e-05,3.699308945215307e-05,0.003820759571681265,3.699308217619546e-05,3.699307308124844e-05,3.699308945215307e-05,3.699308763316367e-05
University of Warsaw ,262,0.031860891489486676,0.419083371758461,0.08113307878375053,7.963504322106019e-05,7.963505413499661e-05,7.963504322106019e-05,7.963503594510257e-05,7.963501775520854e-05,7.96350504970178e-05,0.17682190611958504
University of Colorado Boulder,264,2.0165315618214663e-05,2.0165302885288838e-05,2.016530379478354e-05,0.007546920252934797,0.05170735010506178,2.016530379478354e-05,0.9404605329036713,2.0165296518825926e-05,2.016530834225705e-05,2.016530379478354e-05
Deakin University,266,0.0013266329187899828,0.0013266340247355402,0.9785844087600708,0.001326633442658931,0.0013266336754895747,0.001326633442658931,0.001326633500866592,0.0013266343157738447,0.0013266332098282874,0.00132663338445127
North Carolina State University,274,0.012235909582159366,3.0419079848797992e-05,0.17378253489732742,0.012845676274082507,0.8000639379024506,3.0419072572840378e-05,3.0419081667787395e-05,3.0419065296882764e-05,3.0419079848797992e-05,3.0419072572840378e-05
University of Milan,276,4.409164648677688e-05,0.13537025282494142,0.001555854509206256,0.052803350783506176,4.409165012475569e-05,4.409164648677688e-05,4.409165012475569e-05,4.409162465890404e-05,0.05143487284294679,0.09318738261572435
Indian Institute of Technology Kanpur (IITK),278,1.0629640655679395e-05,2.5440303033974487e-05,1.0629640655679395e-05,1.0629640655679395e-05,1.0629640200932045e-05,1.0629640655679395e-05,1.0629639291437343e-05,1.0629635198711185e-05,1.0629642019921448e-05,1.0629640655679395e-05
Stellenbosch University,283,0.12715588882565498,0.011912419064174173,0.47556184232234955,0.1281491257250309,3.709515749505954e-05,0.0020938658381055575,0.01715925632197468,2.4970380763988942e-05,0.10454557463526726,0.035774326883256435
Taylor's University,284,0.0019844058942908305,2.1985848434269428e-05,0.19056877456660004,0.5007650156039745,0.29708106784346455,2.1985845705785323e-05,0.00933374241412821,2.1985841158311814e-05,2.1985852981742937e-05,2.1985848434269428e-05
University College Cork,292,2.8505335649242625e-05,0.0014753438226762228,0.8063011765480042,0.046693846583366394,0.01304382923990488,2.85053229163168e-05,2.8505332011263818e-05,2.850531745934859e-05,2.8505330192274414e-05,0.06686700880527496
UniversitÃ© Grenoble Alpes,294,0.06709663592118886,0.4911779910326004,0.13707125931978226,9.460436922381632e-05,9.460437286179513e-05,0.13092159896041267,9.460436922381632e-05,9.460433648200706e-05,0.019953009177697822,9.460436922381632e-05
University of East Anglia,295,0.010824744787896634,3.9902868593344465e-05,0.9799381792545319,3.9902863136376254e-05,3.990286677435506e-05,3.99028849642491e-05,3.990285586041864e-05,3.9902843127492815e-05,3.990287586930208e-05,3.990287223132327e-05
UCSI University,300,4.679817175201606e-05,4.6798189941910096e-05,0.030414779153943527,0.45652308542776154,4.6798173571005464e-05,4.6798173571005464e-05,4.67981917608995e-05,0.4996457832876331,4.67981917608995e-05,0.0013115697729517706
Iowa State University,400,0.09952687132681604,0.00011937830640817992,0.06073738727718592,0.00011937831368413754,0.6072163134813309,0.00011937829913222231,0.13363513756121392,0.00011937828458030708,0.00011937831368413754,0.00011937827730434947
Masaryk University,400,1.674071972956881e-05,1.6740722458052915e-05,1.6740716091590002e-05,1.67407151820953e-05,1.6740716091590002e-05,1.6740718820074107e-05,1.67407151820953e-05,1.6740713363105897e-05,1.6740722458052915e-05,0.015757098572976247
Universidade Nova de Lisboa,400,0.17425440817805793,0.047669533640146255,0.038186611681339855,1.685724055278115e-05,1.685724055278115e-05,8.581474412494572e-05,1.6857237824297044e-05,1.6857236914802343e-05,0.00010134141939488472,0.0022593020266867825
University of Granada,403,0.03609616480207478,0.16366605833991343,0.07729383185505867,1.530893314338755e-05,1.530893314338755e-05,0.02812396549506957,1.5308930414903443e-05,1.5308930414903443e-05,0.10235927627309138,0.010165898137529439
Istanbul Technical University,404,0.059194197884608,1.3342790225578938e-05,1.3342785678105429e-05,1.334278658760013e-05,0.0001545285349493497,1.3342784313863376e-05,1.3342789316084236e-05,1.3342783404368674e-05,0.8534087240695953,0.05817732653031271
"University of California, Riverside",404,0.2032497363143193,0.00012742960461764596,0.0001274296264455188,0.04974720496466034,0.6681548953056335,0.00012742959006573074,0.07717338073780411,0.00012742959734168835,0.00012742968465317972,0.00012742964827339165
University of the Philippines,404,0.35022062063217163,0.0005117555301694665,0.013865102500858484,0.10409245500341058,0.3643151521682739,6.152451896923594e-05,0.032590861432254314,0.003708845726578147,0.1210705116391182,0.009123714662564453
Auckland University of Technology (AUT),407,4.101311424165033e-05,4.1013106965692714e-05,0.9993379414081573,4.1013106965692714e-05,4.101310878468212e-05,4.101310332771391e-05,4.101310878468212e-05,4.101309605175629e-05,4.101311060367152e-05,4.10131015087245e-05
University of Southern Queensland ,410,0.0002978138509206474,0.0002978138509206474,0.9709493815898895,0.0002978139091283083,0.00029781398188788444,0.0002978138072649017,0.0002978138654725626,0.021288629388436675,0.0002978138072649017,0.00029781377816107124
Oxford Brookes University,413,2.9435889700835105e-05,2.9435886062856298e-05,0.9484098553657532,0.015814678046808694,2.9435889700835105e-05,2.9435884243866894e-05,2.9435884243866894e-05,2.9435880605888087e-05,2.9435884243866894e-05,0.03535913978339522
Royal Holloway University of London,413,6.290921919571701e-05,6.290920828178059e-05,0.7446371614933014,0.01990189542993903,6.290920464380179e-05,6.290922283369582e-05,0.02935684658586979,6.290917553997133e-05,6.29092119197594e-05,0.20527727901935577
The American University in Cairo,415,0.05833333544433117,0.05833333544433117,0.05833333544433117,0.05833333544433117,0.05833333544433117,0.05833333544433117,0.05833333544433117,0.05833333544433117,0.05833333544433117,0.05833333544433117
Washington State University,419,0.036433812230825424,1.5612272363796365e-05,0.03790562879294157,0.015142082323109207,0.4827559068799019,1.5612268725817557e-05,0.42664267867803574,1.5612265997333452e-05,0.0009459389539188123,1.561227054480696e-05
Université de Strasbourg,421,0.049150106864544796,0.41869547218084335,0.13771198689937592,9.8776556114899e-05,9.877654883894138e-05,0.04692858377893572,9.877659977064468e-05,9.877653792500496e-05,0.021558971278864192,9.877658885670826e-05
University of Canberra ,421,5.095373489893973e-05,5.09537185280351e-05,0.948631227016449,5.09537185280351e-05,5.095375126984436e-05,5.095370943308808e-05,5.0953713071066886e-05,5.0953713071066886e-05,5.095370943308808e-05,5.095369851915166e-05
University of Limerick,426,1.3169063095119782e-05,1.3169065823603887e-05,1.316906718784594e-05,1.3169064914109185e-05,1.3169063095119782e-05,1.3169064004614484e-05,1.3169063095119782e-05,1.3169059911888326e-05,1.3169063095119782e-05,1.3169066733098589e-05
Anna University,427,0.05833333544433117,0.05833333544433117,0.05833333544433117,0.05833333544433117,0.05833333544433117,0.05833333544433117,0.05833333544433117,0.05833333544433117,0.05833333544433117,0.05833333544433117
Koç University,431,0.00013415360808721744,0.0001341535862593446,0.00013415352805168368,0.0001341535862593446,0.030887707878719084,0.0001341535353276413,0.0003529806199367158,0.4989844137344335,0.20723567545064725,0.00013415362263913266
Murdoch University,431,0.04672438185662031,5.4311371059156954e-05,0.7009103894233704,0.040518525056540966,0.047415514065505704,5.431136378319934e-05,5.431137469713576e-05,5.431135286926292e-05,5.431138561107218e-05,5.431136742117815e-05
National Taipei University of Technology,431,0.027662370524922153,6.827099787187763e-05,0.05427723210596014,6.82709869579412e-05,0.007997205651918193,6.827100878581405e-05,0.8442485928535461,6.82709869579412e-05,0.011102637043222785,0.00017981239943765104
University of Stirling,431,3.414156253711553e-05,3.4141564356104936e-05,0.8098144233226776,0.18966857343912125,3.414155526115792e-05,3.4141578908020165e-05,3.414155162317911e-05,3.414154070924269e-05,3.414156253711553e-05,3.414156253711553e-05
Dublin City University,436,0.002431594766676426,0.002431600238196552,0.9607469439506531,0.002431595930829644,0.002431594650261104,0.0024315982591360807,0.002431594766676426,0.0024315969785675406,0.0024315943010151386,0.0024315982591360807
Tampere University,436,0.00012062262612744235,0.6033487021923065,0.12161027267575264,0.00012062266250723042,0.032609497367957374,0.00012062258974765427,0.00012062266978318803,0.00012062261885148473,0.0001206226042995695,0.00012062264795531519
University of Science and Technology Beijing,436,4.1601973862270825e-05,4.1601984776207246e-05,4.160198841418605e-05,4.160197750024963e-05,0.09079233960619604,4.1601973862270825e-05,0.5041992217302322,4.160196658631321e-05,0.014799751457758248,0.32352527044713497
University of St.Gallen (HSG),436,0.010744910578068811,0.42081430554389954,0.18196763843297958,3.7911682738922536e-05,0.00731986936989415,3.791167546296492e-05,3.791167364397552e-05,3.7911671824986115e-05,3.791167546296492e-05,3.7911682738922536e-05
 University of Dundee,441,3.1435028176929336e-05,3.143502999591874e-05,0.9958846569061279,3.143502999591874e-05,3.143502453895053e-05,3.143502635793993e-05,3.1435022719961125e-05,3.143501362501411e-05,3.143502453895053e-05,3.143502999591874e-05
Université Laval,441,7.813837510184385e-05,0.01406723793115816,0.14452889654785395,7.813837510184385e-05,0.08738685931530199,0.2373039552148839,7.813836418790743e-05,7.8138353273971e-05,7.8138353273971e-05,7.813837873982266e-05
University of Utah,441,0.022144107497297227,0.0002048668757197447,0.22129032015800476,0.07659128156956285,0.5228721797466278,0.010804381818161346,0.12988260202109814,0.0002048667665803805,0.0002048668757197447,0.00020486686116782948
University of Connecticut,444,0.09366870424128138,0.0009727833967190236,0.0009727840370032936,0.00097278380417265,0.7617680132389069,0.0009727832803037018,0.13080524280667305,0.0009727832220960408,0.0009727836295496672,0.0009727837459649891
Aston University,446,0.00010652203491190448,0.00010652202763594687,0.99828040599823,0.00010652206765371375,0.00010652205310179852,0.00010652202035998926,0.00010652202763594687,0.00010652198761817999,0.00010652201672201045,0.00010652205673977733
"The University of Tennessee, Knoxville",446,0.24140574588091113,0.0005668045196216553,0.09379637046367861,0.12506035310798325,0.3358722999691963,0.0005668042285833508,0.0005668043449986726,0.0005668044032063335,0.07622889801859856,0.0005668044905178249
Central South University,452,0.0003121867825939262,1.619619115444948e-05,0.42977362871170044,0.04007328301668167,1.619619115444948e-05,1.619619661141769e-05,1.619619206394418e-05,1.6196183878491865e-05,1.6196190244954778e-05,0.37853269279003143
Czech Technical University in Prague,454,2.4340892196050845e-05,0.09128039632923901,2.4340892196050845e-05,2.4340891286556143e-05,2.4340897653019056e-05,2.434088946756674e-05,2.4340897653019056e-05,2.4340881282114424e-05,2.4340895834029652e-05,0.15060737743988284
Indian Institute of Technology Indore (IIT Indore),454,0.000540626235306263,0.0005406264390330762,0.04379686320316978,0.0005406261479947716,0.0005406264972407371,0.0005406262644100934,0.0005406263808254153,0.0005406260315794498,0.2934030517935753,0.0005406265263445675
Sultan Qaboos University,454,0.0029110554241924547,6.828071491327137e-05,0.013525517631933326,6.828071855125017e-05,0.7362217605113983,6.828070036135614e-05,6.828071491327137e-05,6.82806821714621e-05,0.11141432449221611,0.09186502173542976
Universität Mannheim,454,0.0008000922971405089,0.0008000929665286094,0.0008000922971405089,0.12222627177834511,0.0008000925008673221,0.0008000929083209485,0.0008000931702554226,0.0008000920352060348,0.0008000920934136957,0.0008000922971405089
"Essex, University of",459,4.994111986889038e-05,0.0157449853104481,0.9185608327388763,4.994112350686919e-05,0.03998979110838263,4.994112350686919e-05,4.994113260181621e-05,4.9941116230911575e-05,4.994112350686919e-05,4.994113987777382e-05
Universität Potsdam,460,0.44437970221042633,0.4562032073736191,0.0002484186625224538,0.00024841863341862336,0.0002484186479705386,0.0002484186625224538,0.00024841873528202996,0.00024841869162628427,0.039392915554344654,0.0002484188225935213
Florida State University,461,6.325005597318523e-05,6.325003778329119e-05,0.025191152468323708,0.03825563916325336,0.7054955363273621,6.325002323137596e-05,0.04938221701740986,6.325001595541835e-05,6.325003414531238e-05,6.325002686935477e-05
Colorado School of Mines,465,0.03224918640626129,0.00023827742552384734,0.4298388659954071,0.00023827744007576257,0.4813822954893112,0.00023827738186810166,0.00023827754193916917,0.00023827726545277983,0.05339798890054226,0.0002382774546276778
Umea University,465,8.127922410494648e-05,0.16154507697137888,8.127922410494648e-05,8.127921682898887e-05,8.127921319101006e-05,8.127921682898887e-05,8.127921682898887e-05,8.127921319101006e-05,8.127921319101006e-05,8.12792313809041e-05
University of Bordeaux,465,0.00020557272364385426,0.48259392380714417,0.016376613348256797,0.008537191402865574,0.00020557280367938802,0.05468027057941072,0.0002055727454717271,0.00020557272364385426,0.00020557281095534563,0.00020557277457555756
University of Sharjah,465,3.702757294377079e-05,1.9006261027243454e-05,0.03353513495403604,1.900625920825405e-05,0.8904153406620026,1.9006257389264647e-05,1.9006257389264647e-05,1.9006255570275243e-05,0.047170952428132296,0.0067745225969702005
Illinois Institute of Technology,469,3.1743848012411036e-05,3.174384619342163e-05,0.02720146594765538,0.11222346127033234,0.8455139994621277,3.174383527948521e-05,3.1743853469379246e-05,3.174383346049581e-05,3.174385710735805e-05,3.1743848012411036e-05
Hiroshima University,472,0.00011183922470081598,0.28206779062747955,0.00011183922470081598,0.00011183921014890075,0.15323076024651527,0.0001118391883210279,0.2903538644313812,0.00011183915194123983,0.00011183923197677359,0.00011183923197677359
Vilnius University ,473,0.00013206785661168396,0.3298521488904953,0.05183484290319029,0.00013206786388764158,0.13125040385784814,0.0001320678275078535,0.00013206789299147204,0.00013206783478381112,0.049219569911656436,0.07787749174894998
Missouri University of Science and Technology,480,0.03880469461728353,0.0005258074525045231,0.0005258074816083536,0.0005258074816083536,0.8666157126426697,0.0005258071323623881,0.0005258076562313363,0.000525807190570049,0.0005258076562313363,0.0005258077144389972
Bangor University,481,4.2518558984738775e-05,4.251857717463281e-05,0.8765049874782562,4.251856626069639e-05,4.251856626069639e-05,0.046039716187806334,4.2518553527770564e-05,4.2518553527770564e-05,4.2518564441706985e-05,4.2518569898675196e-05
Hitotsubashi University,481,1.7438613667764002e-05,1.7438619124732213e-05,1.74386127582693e-05,1.7438615486753406e-05,1.74386127582693e-05,1.7438610029785195e-05,0.9966659545898438,1.7438608210795792e-05,1.7438619124732213e-05,1.7438619124732213e-05
University of Guelph,486,0.05883020907640457,0.00013000251783523709,0.00013000251783523709,0.00013000251783523709,0.19360283017158508,0.00013000245962757617,0.10933615950489184,0.0001300024669035338,0.0015988875748007558,0.00013000248145544901
University at Buffalo SUNY,491,0.1962251849763561,0.00011721417831722647,0.046911569152143784,0.00011721422924892977,0.713842123746872,0.00011721421469701454,0.00011721422197297215,0.00011721417104126886,0.00011721420742105693,0.0001172141928691417
University of Iowa,491,0.27576838802724524,2.347254121559672e-05,2.3472550310543738e-05,0.0009281052016376634,0.7077896445989609,2.3472538487112615e-05,0.015205367432827188,2.3472536668123212e-05,2.3472547582059633e-05,2.3472544853575528e-05
Universidad de Sevilla,494,0.4267362384707667,0.0015772214392200112,0.0015772210317663848,0.0015772218466736376,0.0015772205078974366,0.06290009128861129,0.0015772199258208275,0.0015772201004438102,0.2544086477137171,0.0015772211481817067
University of Delaware,498,0.493303332477808,2.6296514079149347e-05,2.6296514079149347e-05,2.629651589813875e-05,0.4512028358876705,2.629650589369703e-05,0.019113263115286827,2.629649952723412e-05,2.629651589813875e-05,2.629651135066524e-05
Virginia Polytechnic Institute and State University,302,8.710752445040271e-05,8.710750262252986e-05,0.027271372393443016,8.710752445040271e-05,0.34239333868026733,8.710749534657225e-05,0.6291033327579498,8.71074698807206e-05,8.710750262252986e-05,8.710750262252986e-05
Jagiellonian University,304,0.00019392056128708646,0.15732282306271372,0.0001939206340466626,0.00019392062677070498,0.012059167020197492,0.00019392056128708646,0.00019392059039091691,0.00019392053945921361,0.00019392061221878976,0.641832560300827
University of Johannesburg,306,9.223566667060368e-05,9.223569213645533e-05,0.5280696004629135,0.25001186051304103,0.06877045163855655,9.223566303262487e-05,0.0002489306716597639,9.223564484273084e-05,9.223565575666726e-05,0.10277821123600006
Swansea University,307,8.951405470725149e-05,8.951407289714552e-05,0.038407118034228915,0.9602373838424683,8.951403287937865e-05,8.951405470725149e-05,8.951404743129387e-05,8.951401832746342e-05,8.951406562118791e-05,8.951407289714552e-05
Universitat Pompeu Fabra (Barcelona),310,0.09378271922469139,0.03040379487356404,0.0002412071407889016,0.015743838775961194,0.00024120718444464728,0.0002412071407889016,0.00024120716989273205,0.00024120699526974931,0.19927488267421722,0.24977923565893434
Hamad Bin Khalifa University,310,0.0015223114678519778,3.335996370879002e-05,0.14401614293456078,0.005672979741575546,0.41558127105236053,3.335995825182181e-05,0.05942580662667751,3.33599527948536e-05,0.05435681692324579,0.002112107003995334
Universität Stuttgart,312,0.0026862577888095984,0.187033033024818,2.928950470959535e-05,2.928950107161654e-05,2.928950470959535e-05,2.9289493795658927e-05,2.928950470959535e-05,2.9289491976669524e-05,0.025647068422586017,0.004895888007013127
University of Pretoria,323,0.020172412016108865,0.05718998424708843,0.13199044622342626,0.5168084353208542,0.04665537781147577,2.8842108804383315e-05,2.884210698539391e-05,2.8842099709436297e-05,0.06619059666991234,0.0743249449878931
University of Southern Denmark (SDU),326,0.0002692287089303136,0.5692169070243835,0.008115016258670948,5.8965822972822934e-05,0.3474804311990738,5.8965808420907706e-05,5.896580114495009e-05,5.8965808420907706e-05,5.896581569686532e-05,5.896582661080174e-05
University of South Australia,326,0.0001186379995488096,0.00011863797772093676,0.9980848431587219,0.00011863802137668245,0.00011863802865264006,0.00011863794134114869,0.0001186379995488096,0.0001186379486171063,0.0001186379995488096,0.00011863798499689437
USI - UniversitÃ  della Svizzera italiana,328,0.4207412153482437,0.0542922933382215,0.00029935341444797814,0.00029935353086329997,0.02281063077680301,0.03798297241155524,0.00029935347265563905,0.00029935332713648677,0.0002993535599671304,0.22789560824458022
"University of California, Santa Cruz",332,0.5636419877409935,9.878323453449411e-06,9.878326181933517e-06,0.0288660286510094,0.40592811653050376,9.878322089207359e-06,9.878326181933517e-06,9.878321179712657e-06,9.878325272438815e-06,9.878323453449411e-06
Aalborg University,336,6.09406106377719e-05,0.606070026755333,0.21326716244220734,6.094060336181428e-05,6.094060699979309e-05,6.094059608585667e-05,6.094060336181428e-05,6.0940588809899054e-05,6.0940614275750704e-05,0.00012043850620102603
Middle East Technical University,336,0.07838194444775581,0.021254136822335568,1.5325545518862782e-05,0.0005729094978050853,1.5325548247346887e-05,1.5325542790378677e-05,1.5325547337852186e-05,1.5325542790378677e-05,0.8575555384159088,0.030607126317136135
University of Kent,336,0.00013357941497815773,0.00013357945863390341,0.943764865398407,0.00013357943680603057,0.00013357944408198819,0.0001335793494945392,0.00013357943680603057,0.00013357936404645443,0.0001335794004262425,0.006482537864940241
Universidad PolitÃ©cnica de Madrid (UPM),349,3.819513767666649e-05,3.819515768554993e-05,3.81951431336347e-05,3.819513221969828e-05,3.819513767666649e-05,3.8195181332412176e-05,3.8195130400708877e-05,3.819512858171947e-05,0.025048722003703006,0.006871484176372178
Lappeenranta-Lahti University of Technology LUT,351,0.0007032417634036392,0.0007032417342998087,0.0007032416178844869,0.0007032414432615042,0.0007032417342998087,0.273525636526756,0.0007032412686385214,0.0007032413559500128,0.0007032421708572656,0.0007032415014691651
University of Coimbra,351,0.3244780696836642,0.18396503664553165,0.02592168225783098,1.0604274393699598e-05,1.0604273484204896e-05,0.28418399380916526,1.0604272119962843e-05,1.0604269391478738e-05,0.056083243213834066,0.0013420373334156466
York University,353,9.53015660343226e-06,9.53015660343226e-06,9.530155239190208e-06,9.530155239190208e-06,9.53015660343226e-06,9.530153420200804e-06,9.53015614868491e-06,9.5301516012114e-06,9.53015660343226e-06,9.530154784442857e-06
L.N. Gumilyov Eurasian National University (ENU),355,0.00010348010255256668,0.00010348012801841833,0.00010348009527660906,0.00010348012074246071,0.00010348012801841833,0.00010348008800065145,0.00010348014257033356,0.00010348008800065145,0.00010348017531214282,0.9271872043609619
American University of Sharjah,364,8.460103708785027e-05,8.460103708785027e-05,0.31690947711467743,0.0589694105910894,0.5758088827133179,8.460103708785027e-05,0.0005718284228350967,8.460101525997743e-05,8.460105891572312e-05,0.01815945951602771
Indian Institute of Technology Guwahati (IITG),364,0.0004945803084410727,0.0004945801047142595,0.0004945801629219204,0.0004945799882989377,0.00049458013381809,0.0004945801047142595,0.0004945800465065986,0.000494580075610429,0.0004945803084410727,0.02206973230931908
National University of Sciences And Technology (NUST) Islamabad,367,8.268476813100278e-05,0.0016269641055259854,0.23816752433776855,8.268476813100278e-05,0.0619326293526683,8.268473902717233e-05,0.023356975696515292,8.268485180451535e-05,0.39340072870254517,8.26847790449392e-05
University of Cyprus (UCY),368,8.118516052491032e-05,0.03739495160698425,0.006134164097602479,0.02286049495160114,8.118516780086793e-05,8.118514233501628e-05,8.118517871480435e-05,8.118514233501628e-05,0.093922208994627,0.7540103793144226
Indian Institute of Technology Roorkee (IITR),369,0.00014934262435417622,0.00014934265345800668,0.00014934270438970998,0.04236687380762305,0.00014934267528587952,0.00014934259525034577,0.03406148700014455,0.020003958816232625,0.00014934263163013384,0.4258093982934952
Cairo University,371,0.026506907161092386,1.8173046555602923e-05,1.817304928408703e-05,1.8173051103076432e-05,1.817304928408703e-05,1.8173042917624116e-05,1.817304928408703e-05,1.8173036551161204e-05,0.49756632216121943,0.018530924658989534
Tilburg University,371,0.6657953858375549,0.17828606069087982,0.03785470159891702,5.173553108761553e-05,0.018459286857250845,2.3680207050347235e-05,2.3680207959841937e-05,2.3680202502873726e-05,0.000565278196518193,3.1085573937161826e-05
"Birkbeck, University of London",374,0.00022985916439210996,0.00022985909163253382,0.4671110212802887,0.16213274747133255,0.21154254409339046,0.00022985900432104245,0.00022985916439210996,0.000229858975217212,0.15619268665614072,0.0002298591789440252
Northeastern University,375,5.1394996262388304e-05,5.139500353834592e-05,5.139499990036711e-05,5.1394987167441286e-05,0.48278819024562836,5.1394976253504865e-05,5.1394987167441286e-05,5.139496352057904e-05,5.139500899531413e-05,5.139498352946248e-05
Western sydney university,375,0.0007786375645082444,0.0007786376518197358,0.8656227588653564,0.0007786374480929226,0.0007786374480929226,0.0007786380592733622,0.0007786373898852617,0.0007786376518197358,0.0007786373025737703,0.0007786373025737703
Flinders University,380,9.943820259650238e-05,9.943820259650238e-05,0.9972960948944092,9.943817713065073e-05,9.943824625224806e-05,9.943820259650238e-05,9.943821714841761e-05,0.0011981286952504888,9.943819168256596e-05,9.943819895852357e-05
University of Luxembourg,381,0.0002505643351469189,0.31519768107682467,0.374462366104126,0.0002505643351469189,0.01802306342869997,0.000250564276939258,0.0002505643788026646,0.0002505642914911732,0.03329324042715598,0.0002505643351469189
Mahidol University,382,6.617857798119076e-05,0.032723240274208365,0.14859727025032043,6.617855615331791e-05,0.7253639400005341,6.61785525153391e-05,6.617854523938149e-05,6.617852704948746e-05,0.009588950946636032,6.617856342927553e-05
Université de Montpellier,382,0.32138922438025475,0.15009004784951685,0.00022288208856480196,0.027575194835662842,0.00022288203035714105,0.06870658857951639,0.00022288201580522582,0.00022288187028607354,0.15821281982789515,0.06875236712221522
Belarusian State University,387,0.0002473013009876013,0.00024730144650675356,0.00024730122822802514,0.0002473012718837708,0.0002473013737471774,0.0002473013737471774,0.0002473013737471774,0.0002473012136761099,0.037648623139830306,0.4015705038618762
Institut National des Sciences AppliquÃ©es de Lyon (INSA),392,0.7169532775878906,7.057341645122506e-05,7.057336551952176e-05,0.018822230380465044,7.05733837094158e-05,7.057340189930983e-05,7.057338007143699e-05,7.057336915750057e-05,0.03249278815201251,0.13113357266411185
South China University of Technology,392,0.0004491500440053642,0.0004491502186283469,0.0004491502477321774,0.00044915018952451646,0.0004491500440053642,0.00044914986938238144,0.0220500321011059,0.00044914966565556824,0.00044915007310919464,0.5747419893741608
Justus-Liebig-University Giessen,396,1.2031997357553337e-05,0.9898095726966858,1.2031994629069231e-05,1.2031997357553337e-05,1.2031996902805986e-05,1.2031991445837775e-05,1.2031997357553337e-05,1.2031990536343073e-05,0.0019149752611156146,0.008105281507596374
HSE University,399,2.2987545889918692e-05,2.2987535885476973e-05,0.10449651814542449,2.2987543161434587e-05,2.2987543161434587e-05,2.2987535885476973e-05,2.298754498042399e-05,2.2987531338003464e-05,2.2987540432950482e-05,0.37780508073046803
